user1,Event Mockup,team,dsfdsf,hhhhhhhhh
user1,Event Mockup,team,activity123,asdfasdf
user1,event2,team1,wqe,hihello
user1,event2,team1,qweq,jajdjkjke
user1,Event Mockup,team,dsfdsf,yyyyyyyyyyyyy
user1,Event Mockup,team,dsfdsf,asdfasdf
user1,Event Mockup,team,dsfdsf,kkkkkkkkkkk
user1,event2,team1,wqe,hi
user1,event2,team1,qweq,jbj
user1,event2,team1,wqe,hi
user1,event mockup,teammmm,activity111,hello everyone
user1,event mockup,team2,activity222,hello
user1,event mockup,team2,activity222,hello2
user1,event mockup,team2,activity222,hello3
