activity,detail,2023-09-07,2023-09-08,Event Mockup,null,active
activity1,detail,2023-09-13,2023-09-16,event2,null,active
act2,asdf,2023-09-17,2023-09-19,Event Mockup,null,finish
act3,asdf,2023-09-17,2023-09-18,event2,null,active
act\\4,asdf,2023-09-18,2023-09-19,tomato,null,active
act5,asdf,2023-09-17,2023-09-18,rice,null,active
adsf,zdf,2023-09-17,2023-09-17,eventt,null,active
wqe,qq,0001-01-01,0001-01-01,event2,team1,active
qweq,qweqwe,0001-01-01,0001-01-01,event2,team1,active
dsfdsf,sfdfds,0001-01-01,0001-01-01,Event Mockup,team,finish
sdfsfs,dsdfsfd,0001-01-01,0001-01-01,Event Mockup,team,active
fsdfsdf,sfsffsd,2023-09-21,2023-09-30,new event,null,finish
activity2,detail,2023-10-03,2023-10-06,event2,null,active
activityy,12,2023-10-03,2023-10-07,event mockup,null,active
activity111,helloo,0001-01-01,0001-01-01,event mockup,teammmm,active
activityyyyyy,asdfgh,2023-10-03,2023-10-05,event mockup,null,active
activity222,asdf,0001-01-01,0001-01-01,event mockup,team2,active
